/*
 Navicat Premium Data Transfer

 Source Server         : Ervelia
 Source Server Type    : MySQL
 Source Server Version : 50733
 Source Host           : localhost:3306
 Source Schema         : common

 Target Server Type    : MySQL
 Target Server Version : 50733
 File Encoding         : 65001

 Date: 08/05/2022 14:50:57
*/

SET NAMES utf8mb4;
SET FOREIGN_KEY_CHECKS = 0;

-- ----------------------------
-- Table structure for exp_table
-- ----------------------------
DROP TABLE IF EXISTS `exp_table`;
CREATE TABLE `exp_table`  (
  `level` int(10) UNSIGNED NOT NULL AUTO_INCREMENT,
  `exp` int(10) UNSIGNED NOT NULL DEFAULT 0,
  PRIMARY KEY (`level`) USING BTREE
) ENGINE = InnoDB AUTO_INCREMENT = 116 CHARACTER SET = latin1 COLLATE = latin1_swedish_ci ROW_FORMAT = Dynamic;

-- ----------------------------
-- Records of exp_table
-- ----------------------------
INSERT INTO `exp_table` VALUES (1, 300);
INSERT INTO `exp_table` VALUES (2, 800);
INSERT INTO `exp_table` VALUES (3, 1500);
INSERT INTO `exp_table` VALUES (4, 2500);
INSERT INTO `exp_table` VALUES (5, 4300);
INSERT INTO `exp_table` VALUES (6, 7200);
INSERT INTO `exp_table` VALUES (7, 11000);
INSERT INTO `exp_table` VALUES (8, 17000);
INSERT INTO `exp_table` VALUES (9, 24000);
INSERT INTO `exp_table` VALUES (10, 33000);
INSERT INTO `exp_table` VALUES (11, 43000);
INSERT INTO `exp_table` VALUES (12, 58000);
INSERT INTO `exp_table` VALUES (13, 76000);
INSERT INTO `exp_table` VALUES (14, 100000);
INSERT INTO `exp_table` VALUES (15, 130000);
INSERT INTO `exp_table` VALUES (16, 169000);
INSERT INTO `exp_table` VALUES (17, 219000);
INSERT INTO `exp_table` VALUES (18, 283000);
INSERT INTO `exp_table` VALUES (19, 365000);
INSERT INTO `exp_table` VALUES (20, 472000);
INSERT INTO `exp_table` VALUES (21, 610000);
INSERT INTO `exp_table` VALUES (22, 705000);
INSERT INTO `exp_table` VALUES (23, 813000);
INSERT INTO `exp_table` VALUES (24, 937000);
INSERT INTO `exp_table` VALUES (25, 1077000);
INSERT INTO `exp_table` VALUES (26, 1237000);
INSERT INTO `exp_table` VALUES (27, 1418000);
INSERT INTO `exp_table` VALUES (28, 1624000);
INSERT INTO `exp_table` VALUES (29, 1857000);
INSERT INTO `exp_table` VALUES (30, 2122000);
INSERT INTO `exp_table` VALUES (31, 2421000);
INSERT INTO `exp_table` VALUES (32, 2761000);
INSERT INTO `exp_table` VALUES (33, 3145000);
INSERT INTO `exp_table` VALUES (34, 3580000);
INSERT INTO `exp_table` VALUES (35, 4073000);
INSERT INTO `exp_table` VALUES (36, 4632000);
INSERT INTO `exp_table` VALUES (37, 5194000);
INSERT INTO `exp_table` VALUES (38, 5717000);
INSERT INTO `exp_table` VALUES (39, 6264000);
INSERT INTO `exp_table` VALUES (40, 6837000);
INSERT INTO `exp_table` VALUES (41, 7600000);
INSERT INTO `exp_table` VALUES (42, 8274000);
INSERT INTO `exp_table` VALUES (43, 8990000);
INSERT INTO `exp_table` VALUES (44, 9753000);
INSERT INTO `exp_table` VALUES (45, 10560000);
INSERT INTO `exp_table` VALUES (46, 11410000);
INSERT INTO `exp_table` VALUES (47, 12320000);
INSERT INTO `exp_table` VALUES (48, 13270000);
INSERT INTO `exp_table` VALUES (49, 14280000);
INSERT INTO `exp_table` VALUES (50, 15340000);
INSERT INTO `exp_table` VALUES (51, 16870000);
INSERT INTO `exp_table` VALUES (52, 18960000);
INSERT INTO `exp_table` VALUES (53, 19980000);
INSERT INTO `exp_table` VALUES (54, 21420000);
INSERT INTO `exp_table` VALUES (55, 22930000);
INSERT INTO `exp_table` VALUES (56, 24530000);
INSERT INTO `exp_table` VALUES (57, 26200000);
INSERT INTO `exp_table` VALUES (58, 27960000);
INSERT INTO `exp_table` VALUES (59, 29800000);
INSERT INTO `exp_table` VALUES (60, 32780000);
INSERT INTO `exp_table` VALUES (61, 36060000);
INSERT INTO `exp_table` VALUES (62, 39670000);
INSERT INTO `exp_table` VALUES (63, 43640000);
INSERT INTO `exp_table` VALUES (64, 48000000);
INSERT INTO `exp_table` VALUES (65, 52800000);
INSERT INTO `exp_table` VALUES (66, 58080000);
INSERT INTO `exp_table` VALUES (67, 63890000);
INSERT INTO `exp_table` VALUES (68, 70280000);
INSERT INTO `exp_table` VALUES (69, 77310000);
INSERT INTO `exp_table` VALUES (70, 85040000);
INSERT INTO `exp_table` VALUES (71, 93540000);
INSERT INTO `exp_table` VALUES (72, 102900000);
INSERT INTO `exp_table` VALUES (73, 113200000);
INSERT INTO `exp_table` VALUES (74, 124500000);
INSERT INTO `exp_table` VALUES (75, 137000000);
INSERT INTO `exp_table` VALUES (76, 150700000);
INSERT INTO `exp_table` VALUES (77, 165700000);
INSERT INTO `exp_table` VALUES (78, 236990000);
INSERT INTO `exp_table` VALUES (79, 260650000);
INSERT INTO `exp_table` VALUES (80, 286780000);
INSERT INTO `exp_table` VALUES (81, 315380000);
INSERT INTO `exp_table` VALUES (82, 346970000);
INSERT INTO `exp_table` VALUES (83, 381680000);
INSERT INTO `exp_table` VALUES (84, 419770000);
INSERT INTO `exp_table` VALUES (85, 461760000);
INSERT INTO `exp_table` VALUES (86, 508040000);
INSERT INTO `exp_table` VALUES (87, 558740000);
INSERT INTO `exp_table` VALUES (88, 614640000);
INSERT INTO `exp_table` VALUES (89, 676130000);
INSERT INTO `exp_table` VALUES (90, 743730000);
INSERT INTO `exp_table` VALUES (91, 1041222000);
INSERT INTO `exp_table` VALUES (92, 1145344200);
INSERT INTO `exp_table` VALUES (93, 1259878620);
INSERT INTO `exp_table` VALUES (94, 1385866482);
INSERT INTO `exp_table` VALUES (95, 1524453130);
INSERT INTO `exp_table` VALUES (96, 1676898443);
INSERT INTO `exp_table` VALUES (97, 1844588288);
INSERT INTO `exp_table` VALUES (98, 2029047116);
INSERT INTO `exp_table` VALUES (99, 2050000000);
INSERT INTO `exp_table` VALUES (100, 2150000000);
INSERT INTO `exp_table` VALUES (101, 2210000000);
INSERT INTO `exp_table` VALUES (102, 2250000000);
INSERT INTO `exp_table` VALUES (103, 2280000000);
INSERT INTO `exp_table` VALUES (104, 2310000000);
INSERT INTO `exp_table` VALUES (105, 2330000000);
INSERT INTO `exp_table` VALUES (106, 2350000000);
INSERT INTO `exp_table` VALUES (107, 2370000000);
INSERT INTO `exp_table` VALUES (108, 2390000000);
INSERT INTO `exp_table` VALUES (109, 2400000000);
INSERT INTO `exp_table` VALUES (110, 2410000000);
INSERT INTO `exp_table` VALUES (111, 2420000000);
INSERT INTO `exp_table` VALUES (112, 2430000000);
INSERT INTO `exp_table` VALUES (113, 2440000000);
INSERT INTO `exp_table` VALUES (114, 2450000000);
INSERT INTO `exp_table` VALUES (115, 2460000000);

-- ----------------------------
-- Table structure for gmconfig
-- ----------------------------
DROP TABLE IF EXISTS `gmconfig`;
CREATE TABLE `gmconfig`  (
  `authority` enum('IMPLEMENTOR','GOD','WIZARD','LOW_WIZARD','HIGH_WIZARD','PLAYER','VIP') CHARACTER SET latin1 COLLATE latin1_swedish_ci NULL DEFAULT NULL,
  `general_allow` set('GM_ALLOW_DROP_PLAYER_ITEM','GM_ALLOW_DROP_GM_ITEM','GM_ALLOW_EXCHANGE_PLAYER_ITEM_TO_GM','GM_ALLOW_EXCHANGE_PLAYER_ITEM_TO_PLAYER','GM_ALLOW_EXCHANGE_GOLD_TO_PLAYER','GM_ALLOW_EXCHANGE_GM_ITEM_TO_GM','GM_ALLOW_EXCHANGE_GM_ITEM_TO_PLAYER','GM_ALLOW_EXCHANGE_GOLD_TO_GM','GM_ALLOW_EXCHANGE_TO_GM','GM_ALLOW_EXCHANGE_TO_PLAYER','GM_ALLOW_EXCHANGE_ANTIGIVE','GM_ALLOW_BUY_PRIVATE_ITEM','GM_ALLOW_CREATE_PRIVATE_SHOP','GM_ALLOW_USE_SAFEBOX','GM_ALLOW_CREATE_PLAYER','GM_ALLOW_DELETE_PLAYER','GM_ALLOW_ADMIN_MANAGER','GM_ALLOW_MODIFY_OTHERS') CHARACTER SET latin1 COLLATE latin1_swedish_ci NULL DEFAULT NULL,
  `manager_allow` set('ALLOW_VIEW_ONLINE_LIST','ALLOW_VIEW_ONLINE_COUNT','ALLOW_GM_TRADE_BLOCK_OPTION','ALLOW_MAPVIEWER','ALLOW_VIEW_MAPVIEWER_NPC','ALLOW_VIEW_MAPVIEWER_STONE','ALLOW_VIEW_MAPVIEWER_MONSTER','ALLOW_VIEW_MAPVIEWER_PLAYER','ALLOW_OBSERVER','ALLOW_VIEW_OBSERVER_GOLD','ALLOW_VIEW_OBSERVER_SKILL','ALLOW_VIEW_OBSERVER_EQUIPMENT','ALLOW_VIEW_OBSERVER_INVENTORY','ALLOW_OBSERVER_CHATBAN','ALLOW_OBSERVER_ACCOUNTBAN','ALLOW_OBSERVER_PERMA_ACCOUNTBAN','ALLOW_BAN','ALLOW_VIEW_BAN_CHAT','ALLOW_VIEW_BAN_CHAT_LOG','ALLOW_BAN_CHAT','ALLOW_VIEW_BAN_ACCOUNT','ALLOW_VIEW_BAN_ACCOUNT_LOG','ALLOW_BAN_ACCOUNT','ALLOW_ITEM','ALLOW_VIEW_ITEM') CHARACTER SET latin1 COLLATE latin1_swedish_ci NULL DEFAULT NULL
) ENGINE = InnoDB CHARACTER SET = latin1 COLLATE = latin1_swedish_ci ROW_FORMAT = COMPACT;

-- ----------------------------
-- Records of gmconfig
-- ----------------------------
INSERT INTO `gmconfig` VALUES ('IMPLEMENTOR', 'GM_ALLOW_DROP_PLAYER_ITEM,GM_ALLOW_DROP_GM_ITEM,GM_ALLOW_EXCHANGE_PLAYER_ITEM_TO_GM,GM_ALLOW_EXCHANGE_PLAYER_ITEM_TO_PLAYER,GM_ALLOW_EXCHANGE_GOLD_TO_PLAYER,GM_ALLOW_EXCHANGE_GM_ITEM_TO_GM,GM_ALLOW_EXCHANGE_GM_ITEM_TO_PLAYER,GM_ALLOW_EXCHANGE_GOLD_TO_GM,GM_ALLOW_EXCHANGE_TO_GM,GM_ALLOW_EXCHANGE_TO_PLAYER,GM_ALLOW_EXCHANGE_ANTIGIVE,GM_ALLOW_BUY_PRIVATE_ITEM,GM_ALLOW_CREATE_PRIVATE_SHOP,GM_ALLOW_USE_SAFEBOX,GM_ALLOW_CREATE_PLAYER,GM_ALLOW_DELETE_PLAYER,GM_ALLOW_ADMIN_MANAGER,GM_ALLOW_MODIFY_OTHERS', 'ALLOW_VIEW_ONLINE_LIST,ALLOW_VIEW_ONLINE_COUNT,ALLOW_GM_TRADE_BLOCK_OPTION,ALLOW_MAPVIEWER,ALLOW_VIEW_MAPVIEWER_NPC,ALLOW_VIEW_MAPVIEWER_STONE,ALLOW_VIEW_MAPVIEWER_MONSTER,ALLOW_VIEW_MAPVIEWER_PLAYER,ALLOW_OBSERVER,ALLOW_VIEW_OBSERVER_GOLD,ALLOW_VIEW_OBSERVER_SKILL,ALLOW_VIEW_OBSERVER_EQUIPMENT,ALLOW_VIEW_OBSERVER_INVENTORY,ALLOW_ITEM,ALLOW_VIEW_ITEM');
INSERT INTO `gmconfig` VALUES ('HIGH_WIZARD', 'GM_ALLOW_ADMIN_MANAGER', 'ALLOW_VIEW_ONLINE_LIST,ALLOW_VIEW_ONLINE_COUNT,ALLOW_GM_TRADE_BLOCK_OPTION,ALLOW_MAPVIEWER,ALLOW_VIEW_MAPVIEWER_NPC,ALLOW_VIEW_MAPVIEWER_STONE,ALLOW_VIEW_MAPVIEWER_MONSTER,ALLOW_VIEW_MAPVIEWER_PLAYER,ALLOW_OBSERVER,ALLOW_VIEW_OBSERVER_GOLD,ALLOW_VIEW_OBSERVER_SKILL,ALLOW_VIEW_OBSERVER_EQUIPMENT,ALLOW_VIEW_OBSERVER_INVENTORY,ALLOW_ITEM,ALLOW_VIEW_ITEM');
INSERT INTO `gmconfig` VALUES ('PLAYER', 'GM_ALLOW_DROP_PLAYER_ITEM,GM_ALLOW_DROP_GM_ITEM,GM_ALLOW_EXCHANGE_PLAYER_ITEM_TO_GM,GM_ALLOW_EXCHANGE_PLAYER_ITEM_TO_PLAYER,GM_ALLOW_EXCHANGE_GOLD_TO_PLAYER,GM_ALLOW_EXCHANGE_GM_ITEM_TO_GM,GM_ALLOW_EXCHANGE_GM_ITEM_TO_PLAYER,GM_ALLOW_EXCHANGE_GOLD_TO_GM,GM_ALLOW_EXCHANGE_TO_GM,GM_ALLOW_EXCHANGE_TO_PLAYER,GM_ALLOW_EXCHANGE_ANTIGIVE,GM_ALLOW_BUY_PRIVATE_ITEM,GM_ALLOW_CREATE_PRIVATE_SHOP,GM_ALLOW_USE_SAFEBOX,GM_ALLOW_CREATE_PLAYER,GM_ALLOW_DELETE_PLAYER', NULL);

-- ----------------------------
-- Table structure for gmhost
-- ----------------------------
DROP TABLE IF EXISTS `gmhost`;
CREATE TABLE `gmhost`  (
  `mIP` varchar(16) CHARACTER SET latin1 COLLATE latin1_swedish_ci NOT NULL DEFAULT '',
  PRIMARY KEY (`mIP`) USING BTREE
) ENGINE = MyISAM CHARACTER SET = latin1 COLLATE = latin1_swedish_ci ROW_FORMAT = Dynamic;

-- ----------------------------
-- Records of gmhost
-- ----------------------------
INSERT INTO `gmhost` VALUES ('127.0.0.1');

-- ----------------------------
-- Table structure for gmlist
-- ----------------------------
DROP TABLE IF EXISTS `gmlist`;
CREATE TABLE `gmlist`  (
  `mID` int(10) UNSIGNED NOT NULL AUTO_INCREMENT,
  `mAccount` varchar(16) CHARACTER SET latin1 COLLATE latin1_swedish_ci NOT NULL DEFAULT '',
  `mName` varchar(16) CHARACTER SET latin1 COLLATE latin1_swedish_ci NOT NULL DEFAULT '',
  `mContactIP` varchar(16) CHARACTER SET latin1 COLLATE latin1_swedish_ci NOT NULL DEFAULT '',
  `mServerIP` varchar(16) CHARACTER SET latin1 COLLATE latin1_swedish_ci NOT NULL DEFAULT 'ALL',
  `mAuthority` enum('IMPLEMENTOR','HIGH_WIZARD','GOD','LOW_WIZARD','PLAYER') CHARACTER SET latin1 COLLATE latin1_swedish_ci NOT NULL DEFAULT 'PLAYER',
  PRIMARY KEY (`mID`) USING BTREE
) ENGINE = MyISAM AUTO_INCREMENT = 1002 CHARACTER SET = latin1 COLLATE = latin1_swedish_ci ROW_FORMAT = Dynamic;

-- ----------------------------
-- Records of gmlist
-- ----------------------------
INSERT INTO `gmlist` VALUES (1, 'MosxiiN', '[GA]MosxiiN', '', 'ALL', 'IMPLEMENTOR');
INSERT INTO `gmlist` VALUES (2, 'Sharos2', '[GA]admin', '', 'ALL', 'IMPLEMENTOR');
INSERT INTO `gmlist` VALUES (3, 'Sharos', '[GA]Sharos', '', 'ALL', 'IMPLEMENTOR');
INSERT INTO `gmlist` VALUES (4, 'PRzemci0', 'BoB', '', 'ALL', 'HIGH_WIZARD');
INSERT INTO `gmlist` VALUES (5, 'vascinho0707', 'AshiVa', '', 'ALL', 'HIGH_WIZARD');
INSERT INTO `gmlist` VALUES (6, 'vascinho07', 'VaScO', '', 'ALL', 'HIGH_WIZARD');
INSERT INTO `gmlist` VALUES (7, 'vascinho07', '[GM]VaScO', '', 'ALL', 'HIGH_WIZARD');
INSERT INTO `gmlist` VALUES (8, 'PRzemci0', '[GM]BoB', '', 'ALL', 'HIGH_WIZARD');
INSERT INTO `gmlist` VALUES (9, 'xRiper', 'Buhahahahw', '', 'ALL', 'IMPLEMENTOR');
INSERT INTO `gmlist` VALUES (10, 'xRiper', 'Dave', '', 'ALL', 'IMPLEMENTOR');
INSERT INTO `gmlist` VALUES (558, 'xRiper', 'Dave', '', 'ALL', 'IMPLEMENTOR');
INSERT INTO `gmlist` VALUES (11, 'Sharos', 'Sharossikk', '', 'ALL', 'IMPLEMENTOR');
INSERT INTO `gmlist` VALUES (559, 'lolol', 'Brrrrrrr', '', 'ALL', 'IMPLEMENTOR');
INSERT INTO `gmlist` VALUES (999, 'Sharos', 'Sharos', '', 'ALL', 'IMPLEMENTOR');
INSERT INTO `gmlist` VALUES (12, 'Sharos', 'Sharos2', '', 'ALL', 'IMPLEMENTOR');
INSERT INTO `gmlist` VALUES (13, 'Sharos', 'Sharos3', '', 'ALL', 'IMPLEMENTOR');
INSERT INTO `gmlist` VALUES (14, 'Sharos', 'Sharos4', '', 'ALL', 'IMPLEMENTOR');
INSERT INTO `gmlist` VALUES (15, 'trailer', 'Xemia', '', 'ALL', 'IMPLEMENTOR');
INSERT INTO `gmlist` VALUES (16, 'trailer2', 'Xemia2', '', 'ALL', 'IMPLEMENTOR');
INSERT INTO `gmlist` VALUES (1000, 'Mchelawi', 'Mchelawi2', '', 'ALL', 'IMPLEMENTOR');
INSERT INTO `gmlist` VALUES (1001, 'test', 'Dezan', '', 'ALL', 'IMPLEMENTOR');

-- ----------------------------
-- Table structure for locale
-- ----------------------------
DROP TABLE IF EXISTS `locale`;
CREATE TABLE `locale`  (
  `mKey` varchar(255) CHARACTER SET latin1 COLLATE latin1_swedish_ci NOT NULL DEFAULT '',
  `mValue` varchar(255) CHARACTER SET latin1 COLLATE latin1_swedish_ci NOT NULL DEFAULT '',
  PRIMARY KEY (`mKey`) USING BTREE
) ENGINE = MyISAM CHARACTER SET = latin1 COLLATE = latin1_swedish_ci ROW_FORMAT = Dynamic;

-- ----------------------------
-- Records of locale
-- ----------------------------
INSERT INTO `locale` VALUES ('SKILL_POWER_BY_LEVEL_TYPE0', '0 5 6 8 10 12 14 16 18 20 22 24 26 28 30 32 34 36 38 40 50 52 54 56 58 60 63 66 69 72 82 85 88 91 94 98 102 106 110 115 125 125 125 125 125');
INSERT INTO `locale` VALUES ('SKILL_POWER_BY_LEVEL_TYPE1', '0 5 6 8 10 12 14 16 18 20 22 24 26 28 30 32 34 36 38 40 50 52 54 56 58 60 63 66 69 72 82 85 88 91 94 98 102 106 110 115 125 125 125 125 125');
INSERT INTO `locale` VALUES ('SKILL_POWER_BY_LEVEL_TYPE2', '0 5 6 8 10 12 14 16 18 20 22 24 26 28 30 32 34 36 38 40 50 52 54 56 58 60 63 66 69 72 82 85 88 91 94 98 102 106 110 115 125 125 125 125 125');
INSERT INTO `locale` VALUES ('SKILL_POWER_BY_LEVEL_TYPE3', '0 5 6 8 10 12 14 16 18 20 22 24 26 28 30 32 34 36 38 40 50 52 54 56 58 60 63 66 69 72 82 85 88 91 94 98 102 106 110 115 125 125 125 125 125');
INSERT INTO `locale` VALUES ('SKILL_POWER_BY_LEVEL_TYPE4', '0 5 6 8 10 12 14 16 18 20 22 24 26 28 30 32 34 36 38 40 50 52 54 56 58 60 63 66 69 72 82 85 88 91 94 98 102 106 110 115 125 125 125 125 125');
INSERT INTO `locale` VALUES ('SKILL_POWER_BY_LEVEL_TYPE5', '0 5 6 8 10 12 14 16 18 20 22 24 26 28 30 32 34 36 38 40 50 52 54 56 58 60 63 66 69 72 82 85 88 91 94 98 102 106 110 115 125 125 125 125 125');
INSERT INTO `locale` VALUES ('SKILL_POWER_BY_LEVEL_TYPE6', '0 5 6 8 10 12 14 16 18 20 22 24 26 28 30 32 34 36 38 40 50 52 54 56 58 60 63 66 69 72 82 85 88 91 94 98 102 106 110 115 125 125 125 125 125');
INSERT INTO `locale` VALUES ('SKILL_POWER_BY_LEVEL_TYPE7', '0 5 6 8 10 12 14 16 18 20 22 24 26 28 30 32 34 36 38 40 50 52 54 56 58 60 63 66 69 72 82 85 88 91 94 98 102 106 110 115 125 125 125 125 125');
INSERT INTO `locale` VALUES ('LOCALE', 'germany');
INSERT INTO `locale` VALUES ('DB_NAME_COLUMN', 'locale_name');
INSERT INTO `locale` VALUES ('SKILL_DAMAGE_BY_LEVEL_UNDER_90', '0 0 0 0 0 0 0 0 0 0 0 0 0 0 0 0 0 0 0 0 0 0 0 0 0 0 0 0 0 0 0 0 0 0 0 0 0 0 0 0 0 0 0 0 0');
INSERT INTO `locale` VALUES ('SKILL_DAMAGE_BY_LEVEL_UNDER_45', '0 0 0 0 0 0 0 0 0 0 0 0 0 0 0 0 0 0 0 0 0 0 0 0 0 0 0 0 0 0 0 0 0 0 0 0 0 0 0 0 0 0 0 0 0');
INSERT INTO `locale` VALUES ('SKILL_POWER_BY_LEVEL', '0 5 6 8 10 12 14 16 18 20 22 24 26 28 30 32 34 36 38 40 50 52 54 56 58 60 63 66 69 72 82 85 88 91 94 98 102 106 110 115 125 125 125 125 125');

-- ----------------------------
-- Table structure for priv_settings
-- ----------------------------
DROP TABLE IF EXISTS `priv_settings`;
CREATE TABLE `priv_settings`  (
  `priv_type` enum('PLAYER','GUILD','EMPIRE') CHARACTER SET latin1 COLLATE latin1_swedish_ci NOT NULL DEFAULT 'EMPIRE' COMMENT 'GUILD and PLAYER are untested.',
  `id` int(10) UNSIGNED NOT NULL DEFAULT 0 COMMENT 'this is for empire_id, player_id or guild_id',
  `type` int(10) UNSIGNED NOT NULL DEFAULT 4 COMMENT '1:item_drop, 2:gold_drop, 3:gold10_drop, 4:exp (1~4)',
  `value` int(11) NOT NULL DEFAULT 0 COMMENT '0~1000%',
  `duration` datetime NOT NULL DEFAULT CURRENT_TIMESTAMP,
  PRIMARY KEY (`priv_type`, `id`, `type`) USING BTREE
) ENGINE = InnoDB CHARACTER SET = latin1 COLLATE = latin1_swedish_ci ROW_FORMAT = Dynamic;

-- ----------------------------
-- Records of priv_settings
-- ----------------------------

-- ----------------------------
-- Table structure for spam_db
-- ----------------------------
DROP TABLE IF EXISTS `spam_db`;
CREATE TABLE `spam_db`  (
  `word` varchar(255) CHARACTER SET latin1 COLLATE latin1_swedish_ci NOT NULL,
  `score` int(3) NOT NULL DEFAULT 1,
  `type` enum('SPAM','MAPS') CHARACTER SET latin1 COLLATE latin1_swedish_ci NOT NULL DEFAULT 'SPAM',
  PRIMARY KEY (`word`) USING BTREE
) ENGINE = MyISAM CHARACTER SET = latin1 COLLATE = latin1_swedish_ci ROW_FORMAT = DYNAMIC;

-- ----------------------------
-- Records of spam_db
-- ----------------------------

SET FOREIGN_KEY_CHECKS = 1;
